INSERT INTO User (UserID, Username, Email, Full_Name, Bio, Registration_Date)
VALUES
  (1, 'alice_23', 'alice@email.com', 'Alice Johnson', 'Travel enthusiast', '2022-01-01'),
  (2, 'bob_85', 'bob@email.com', 'Bob Smith', 'Photographer and storyteller', '2022-02-15'),
  (3, 'charlie_09', 'charlie@email.com', 'Charlie Brown', 'Fitness freak', '2022-03-20'),
  (4, 'diana_42', 'diana@email.com', 'Diana Miller', 'Food lover', '2022-04-05'),
  (5, 'edward_78', 'edward@email.com', 'Edward White', 'Tech geek', '2022-05-10'),
  (6, 'fiona_56', 'fiona@email.com', 'Fiona Green', 'Nature lover', '2022-06-25'),
  (7, 'george_34', 'george@email.com', 'George Thompson', 'Bookworm and coffee addict', '2022-07-12'),
  (8, 'helen_19', 'helen@email.com', 'Helen Davis', 'Art enthusiast', '2022-08-03'),
  (9, 'ian_92', 'ian@email.com', 'Ian Wilson', 'Science geek', '2022-09-18'),
  (10, 'jane_71', 'jane@email.com', 'Jane Miller', 'Movie buff', '2022-10-05'),
  (11, 'kyle_45', 'kyle@email.com', 'Kyle Johnson', 'Adventure seeker', '2022-11-20'),
  (12, 'lisa_88', 'lisa@email.com', 'Lisa Brown', 'Fashionista', '2022-12-15'),
  (13, 'mike_67', 'mike@email.com', 'Mike Davis', 'Musician and gamer', '2023-01-08'),
  (14, 'nina_29', 'nina@email.com', 'Nina White', 'Yoga lover', '2023-02-13'),
  (15, 'oliver_14', 'oliver@email.com', 'Oliver Green', 'Coding enthusiast', '2023-03-01'),
  (16, 'pamela_82', 'pamela@email.com', 'Pamela Thompson', 'Culinary artist', '2023-04-12'),
  (17, 'quincy_63', 'quincy@email.com', 'Quincy Wilson', 'Sports fan', '2023-05-20'),
  (18, 'rachel_76', 'rachel@email.com', 'Rachel Smith', 'Animal rights activist', '2023-06-03'),
  (19, 'steve_50', 'steve@email.com', 'Steve Brown', 'Entrepreneur', '2023-07-15'),
  (20, 'tina_21', 'tina@email.com', 'Tina Davis', 'Technology evangelist', '2023-08-01');

INSERT INTO Post (PostID, UserID, Caption, Image_URL, Location, Post_Date)
VALUES
  (1, 1, 'Exploring the wonders of Italy', 'italy.jpg', 'Rome', '2022-02-10'),
  (2, 2, 'Sunset over the mountains', 'sunset.jpg', 'Mountain View', '2022-03-05'),
  (3, 3, 'Morning workout routine', 'workout.jpg', NULL, '2022-04-12'),
  (4, 4, 'Delicious pasta in Venice', 'pasta.jpg', 'Venice', '2022-05-01'),
  (5, 5, 'New gaming setup!', 'gaming.jpg', NULL, '2022-06-15'),
  (6, 6, 'Hiking in the forest', 'hiking.jpg', 'Forest Trail', '2022-07-02'),
  (7, 7, 'Lost in a good book', 'book.jpg', 'Home Library', '2022-08-18'),
  (8, 8, 'Painting my thoughts', 'painting.jpg', 'Art Studio', '2022-09-05'),
  (9, 9, 'Experimenting in the lab', 'lab.jpg', 'Science Lab', '2022-10-22'),
  (10, 10, 'Movie night essentials', 'movies.jpg', 'Home Theater', '2022-11-10'),
  (11, 11, 'Skydiving adventure', 'skydiving.jpg', 'Skydive Zone', '2022-12-25'),
  (12, 12, 'Fashion runway vibes', 'fashion.jpg', 'Runway Show', '2023-01-20'),
  (13, 13, 'Gaming marathon', 'gaming_marathon.jpg', NULL, '2023-02-28'),
  (14, 14, 'Yoga at sunrise', 'yoga.jpg', 'Beach', '2023-03-15'),
  (15, 15, 'Coding all night', 'coding.jpg', 'Home Office', '2023-04-02'),
  (16, 16, 'Culinary masterpiece', 'culinary.jpg', 'Kitchen', '2023-05-15'),
  (17, 17, 'Sports fan zone', 'sports.jpg', 'Stadium', '2023-06-25'),
  (18, 18, 'Animal shelter visit', 'animal_shelter.jpg', 'Shelter', '2023-07-10'),
  (19, 19, 'Entrepreneurial journey', 'entrepreneur.jpg', 'Office', '2023-08-20'),
  (20, 20, 'Embracing technology', 'technology.jpg', 'Tech Hub', '2023-09-01');

INSERT INTO Comment (CommentID, PostID, UserID, Text, Comment_Date)
VALUES
  (1, 1, 2, 'Amazing shot! Italy is on my bucket list too.', '2022-02-11'),
  (2, 2, 1, 'Incredible view! Where is this?', '2022-03-06'),
  (3, 3, 2, 'Keep it up! 💪', '2022-04-13'),
  (4, 4, 3, 'I need that recipe!', '2022-05-02'),
  (5, 5, 4, 'Nice setup! What games are you playing?', '2022-06-16'),
  (6, 6, 5, 'Looks like a serene hike!', '2022-07-03'),
  (7, 7, 6, 'What book are you reading?', '2022-08-19'),
  (8, 8, 7, 'Your painting is beautiful!', '2022-09-06'),
  (9, 9, 8, 'What experiment are you working on?', '2022-10-23'),
  (10, 10, 9, 'Great movie choices!', '2022-11-11'),
  (11, 11, 10, 'That must have been an adrenaline rush!', '2022-12-26'),
  (12, 12, 11, 'Love the fashion vibes!', '2023-01-21'),
  (13, 13, 12, 'Which game are you playing?', '2023-03-01'),
  (14, 14, 13, 'Yoga is so refreshing!', '2023-03-16'),
  (15, 15, 14, 'Coding all night? The dedication!', '2023-04-03'),
  (16, 16, 15, 'The dish looks delicious!', '2023-05-16'),
  (17, 17, 16, 'Go team! Which sport is your favorite?', '2023-06-26'),
  (18, 18, 17, 'Aww, those animals are adorable!', '2023-07-11'),
  (19, 19, 18, 'Tell us more about your business journey!', '2023-08-21'),
  (20, 20, 19, 'Tech rules! What's your favorite tech trend?', '2023-09-02');

INSERT INTO Likes (LikeID, PostID, UserID, Like_Date)
VALUES
  (1, 1, 3, '2022-02-12'),
  (2, 2, 3, '2022-03-07'),
  (3, 3, 1, '2022-04-14'),
  (4, 4, 5, '2022-05-03'),
  (5, 5, 1, '2022-06-17'),
  (6, 6, 2, '2022-07-04'),
  (7, 7, 3, '2022-08-20'),
  (8, 8, 4, '2022-09-07'),
  (9, 9, 5, '2022-10-24'),
  (10, 10, 1, '2022-11-12'),
  (11, 11, 2, '2022-12-27'),
  (12, 12, 3, '2023-01-22'),
  (13, 13, 4, '2023-03-02'),
  (14, 14, 5, '2023-03-17'),
  (15, 15, 1, '2023-04-04'),
  (16, 16, 2, '2023-05-17'),
  (17, 17, 3, '2023-06-27'),
  (18, 18, 4, '2023-07-12'),
  (19, 19, 5, '2023-08-22'),
  (20, 20, 1, '2023-09-03');

INSERT INTO Follower (FollowerID, FollowingUserID, FollowerUserID, Follow_Date)
VALUES
  (1, 1, 2, '2022-02-01'),
  (2, 2, 3, '2022-03-01'),
  (3, 3, 1, '2022-04-01'),
  (4, 4, 5, '2022-05-04'),
  (5, 5, 2, '2022-06-01'),
  (6, 6, 7, '2022-07-13'),
  (7, 7, 8, '2022-08-04'),
  (8, 8, 9, '2022-09-19'),
  (9, 9, 10, '2022-10-06'),
  (10, 10, 11, '2022-11-21'),
  (11, 11, 12, '2022-12-16'),
  (12, 12, 13, '2023-01-09'),
  (13, 13, 14, '2023-02-14'),
  (14, 14, 15, '2023-03-02'),
  (15, 15, 16, '2023-04-13'),
  (16, 16, 17, '2023-05-21'),
  (17, 17, 18, '2023-06-04'),
  (18, 18, 19, '2023-07-16'),
  (19, 19, 20, '2023-08-02'),
  (20, 20, 1, '2023-09-16');

INSERT INTO Hashtag (HashtagID, Tag)
VALUES
  (1, 'Travel'),
  (2, 'Sunset'),
  (3, 'Fitness'),
  (4, 'Foodie'),
  (5, 'Gaming'),
  (6, 'Nature'),
  (7, 'Books'),
  (8, 'Art'),
  (9, 'Science'),
  (10, 'Movies'),
  (11, 'Adventure'),
  (12, 'Fashion'),
  (13, 'Music'),
  (14, 'Yoga'),
  (15, 'Coding'),
  (16, 'Culinary'),
  (17, 'Sports'),
  (18, 'AnimalRights'),
  (19, 'Entrepreneurship'),
  (20, 'Technology');

INSERT INTO PostHashtag (PostHashtagID, PostID, HashtagID)
VALUES
  (1, 1, 1),
  (2, 2, 2),
  (3, 3, 3),
  (4, 4, 4),
  (5, 5, 5),
  (6, 6, 6),
  (7, 7, 7),
  (8, 8, 8),
  (9, 9, 9),
  (10, 10, 10),
  (11, 11, 11),
  (12, 12, 12),
  (13, 13, 13),
  (14, 14, 14),
  (15, 15, 15),
  (16, 16, 16),
  (17, 17, 17),
  (18, 18, 18),
  (19, 19, 19),
  (20, 20, 20);
